timestamp,raw_x,raw_y,raw_yaw,ekf_x,ekf_y,ekf_yaw,gt_x,gt_y,gt_yaw
1774407426.844052,0.000000,0.000000,0.000000,0.000000,0.000000,0.000000,nan,nan,nan
1774407426.944062,0.000000,0.000000,0.000000,0.000000,0.000000,0.000000,nan,nan,nan
1774407427.044068,0.000000,0.000000,0.000000,0.000000,0.000000,0.000000,nan,nan,nan
1774407427.144049,0.000000,0.000000,0.000000,0.000000,0.000000,0.000000,nan,nan,nan
1774407427.243981,0.000000,0.000000,0.000000,0.000000,0.000000,0.000000,nan,nan,nan
1774407427.344038,0.000000,0.000000,0.000000,0.000000,0.000000,0.000000,nan,nan,nan
1774407427.444029,0.000000,0.000000,0.000000,0.000000,0.000000,0.000000,nan,nan,nan
1774407427.544038,0.000000,0.000000,0.000000,0.000000,0.000000,0.000000,nan,nan,nan
1774407427.644032,0.000000,0.000000,0.000000,0.000000,0.000000,0.000000,nan,nan,nan
1774407427.744111,0.000000,0.000000,0.000000,0.000000,0.000000,0.000000,nan,nan,nan
1774407427.844034,0.000000,0.000000,0.000000,0.000000,0.000000,0.000000,nan,nan,nan
1774407427.944037,0.000000,0.000000,0.000000,0.000000,0.000000,0.000000,nan,nan,nan
1774407428.044082,0.000000,0.000000,0.000000,0.000000,0.000000,0.000000,nan,nan,nan
1774407428.144034,0.000000,0.000000,0.000000,0.000000,0.000000,0.000000,nan,nan,nan
1774407428.244029,0.000000,0.000000,0.000000,0.000000,0.000000,0.000000,nan,nan,nan
1774407428.344048,0.000000,0.000000,0.000000,0.000000,0.000000,0.000000,nan,nan,nan
1774407428.444058,0.000000,0.000000,0.000000,0.000000,0.000000,0.000000,nan,nan,nan
1774407428.544039,0.000000,0.000000,0.000000,0.000000,0.000000,0.000000,nan,nan,nan
1774407428.644030,0.000000,0.000000,0.000000,0.000000,0.000000,0.000000,nan,nan,nan
1774407428.744046,0.000000,0.000000,0.000000,0.000000,0.000000,0.000000,nan,nan,nan
1774407428.844083,0.000000,0.000000,0.000000,0.000000,0.000000,0.000000,nan,nan,nan
1774407428.944088,0.000000,0.000000,0.000000,0.000000,0.000000,0.000000,nan,nan,nan
1774407429.044097,0.000000,0.000000,0.000000,0.000000,0.000000,0.000000,nan,nan,nan
1774407429.144107,0.000000,0.000000,0.000000,0.000000,0.000000,0.000000,nan,nan,nan
1774407429.244031,0.000000,0.000000,0.000000,0.000000,0.000000,0.000000,nan,nan,nan
1774407429.344034,0.000000,0.000000,0.000000,0.000000,0.000000,0.000000,nan,nan,nan
1774407429.444027,0.000000,0.000000,0.000000,0.000000,0.000000,0.000000,nan,nan,nan
1774407429.544081,0.000000,0.000000,0.000000,0.000000,0.000000,0.000000,nan,nan,nan
1774407429.644035,0.000000,0.000000,0.000000,0.000000,0.000000,0.000000,nan,nan,nan
1774407429.744031,0.000000,0.000000,0.000000,0.000000,0.000000,0.000000,nan,nan,nan
1774407429.844033,0.000000,0.000000,0.000000,0.000000,0.000000,0.000000,nan,nan,nan
1774407429.944037,0.000000,0.000000,0.000000,0.000000,0.000000,0.000000,nan,nan,nan
1774407430.044068,0.000000,0.000000,0.000000,0.000000,0.000000,0.000000,nan,nan,nan
1774407430.144031,0.000000,0.000000,0.000000,0.000000,0.000000,0.000000,nan,nan,nan
1774407430.244079,0.000000,0.000000,0.000000,0.000000,0.000000,0.000000,nan,nan,nan
1774407430.344036,0.000000,0.000000,0.000000,0.000000,0.000000,0.000000,nan,nan,nan
1774407430.444062,0.000000,0.000000,0.000000,0.000000,0.000000,0.000000,nan,nan,nan
1774407430.544059,0.000000,0.000000,0.000000,0.000000,0.000000,0.000000,nan,nan,nan
1774407430.644036,0.000000,0.000000,0.000000,0.000000,0.000000,0.000000,nan,nan,nan
1774407430.744037,0.000000,0.000000,0.000000,0.000000,0.000000,0.000000,nan,nan,nan
1774407430.844033,0.000000,0.000000,0.000000,0.000000,0.000000,0.000000,nan,nan,nan
1774407430.944067,0.000000,0.000000,0.000000,0.000000,0.000000,0.000000,nan,nan,nan
1774407431.044039,0.000000,0.000000,0.000000,0.000000,0.000000,0.000000,nan,nan,nan
1774407431.144027,0.000000,0.000000,0.000000,0.000000,0.000000,0.000000,nan,nan,nan
1774407431.244052,0.000000,0.000000,0.000000,0.000000,0.000000,0.000000,nan,nan,nan
1774407431.344033,0.000000,0.000000,0.000000,0.000000,0.000000,0.000000,nan,nan,nan
1774407431.444034,0.000000,0.000000,0.000000,0.000000,0.000000,0.000000,nan,nan,nan
1774407431.544047,0.000000,0.000000,0.000000,0.000000,0.000000,0.000000,nan,nan,nan
1774407431.644038,0.000000,0.000000,0.000000,0.000000,0.000000,0.000000,nan,nan,nan
1774407431.744004,0.000000,0.000000,0.000000,0.000000,0.000000,0.000000,nan,nan,nan
1774407431.844152,0.000000,0.000000,0.000000,0.000000,0.000000,0.000000,nan,nan,nan
1774407431.944077,0.000000,0.000000,0.000000,0.000000,0.000000,0.000000,nan,nan,nan
1774407432.044043,0.000000,0.000000,0.000000,0.000000,0.000000,0.000000,nan,nan,nan
1774407432.144030,0.000000,0.000000,0.000000,0.000000,0.000000,0.000000,nan,nan,nan
1774407432.244035,0.000000,0.000000,0.000000,0.000000,0.000000,0.000000,nan,nan,nan
1774407432.344026,0.000000,0.000000,0.000000,0.000000,0.000000,0.000000,nan,nan,nan
1774407432.444029,0.000000,0.000000,0.000000,0.000000,0.000000,0.000000,nan,nan,nan
1774407432.544041,0.000000,0.000000,0.000000,0.000000,0.000000,0.000000,nan,nan,nan
1774407432.644037,0.000000,0.000000,0.000000,0.000000,0.000000,0.000000,nan,nan,nan
1774407432.744067,0.000000,0.000000,0.000000,0.000000,0.000000,0.000000,nan,nan,nan
1774407432.844045,0.000000,0.000000,0.000000,0.000000,0.000000,0.000000,nan,nan,nan
1774407432.944038,0.000000,0.000000,0.000000,0.000000,0.000000,0.000000,nan,nan,nan
1774407433.044068,0.000000,0.000000,0.000000,0.000000,0.000000,0.000000,nan,nan,nan
1774407433.144035,0.000000,0.000000,0.000000,0.000000,0.000000,0.000000,nan,nan,nan
1774407433.244066,0.000000,0.000000,0.000000,0.000000,0.000000,0.000000,nan,nan,nan
1774407433.344025,0.000000,0.000000,0.000000,0.000000,0.000000,0.000000,nan,nan,nan
1774407433.444029,0.000000,0.000000,0.000000,0.000000,0.000000,0.000000,nan,nan,nan
1774407433.544045,0.000000,0.000000,0.000000,0.000000,0.000000,0.000000,nan,nan,nan
1774407433.644031,0.000000,0.000000,0.000000,0.000000,0.000000,0.000000,nan,nan,nan
1774407433.744047,0.000000,0.000000,0.000000,0.000000,0.000000,0.000000,nan,nan,nan
1774407433.844044,0.000000,0.000000,0.000000,0.000000,0.000000,0.000000,nan,nan,nan
1774407433.944031,0.000000,0.000000,0.000000,0.000000,0.000000,0.000000,nan,nan,nan
1774407434.044067,0.000000,0.000000,0.000000,0.000000,0.000000,0.000000,nan,nan,nan
1774407434.144037,0.000000,0.000000,0.000000,0.000000,0.000000,0.000000,nan,nan,nan
1774407434.244037,0.000000,0.000000,0.000000,0.000000,0.000000,0.000000,nan,nan,nan
1774407434.344042,0.000000,0.000000,0.000000,0.000000,0.000000,0.000000,nan,nan,nan
1774407434.444040,0.000000,0.000000,0.000000,0.000000,0.000000,0.000000,nan,nan,nan
1774407434.544084,0.000000,0.000000,0.000000,0.000000,0.000000,0.000000,nan,nan,nan
1774407434.644031,0.000000,0.000000,0.000000,0.000000,0.000000,0.000000,nan,nan,nan
1774407434.744036,0.000000,0.000000,0.000000,0.000000,0.000000,0.000000,nan,nan,nan
1774407434.844053,0.000000,0.000000,0.000000,0.000000,0.000000,0.000000,nan,nan,nan
1774407434.944029,0.000000,0.000000,0.000000,0.000000,0.000000,0.000000,nan,nan,nan
1774407435.044042,0.000000,0.000000,0.000000,0.000000,0.000000,0.000000,nan,nan,nan
1774407435.144035,0.000000,0.000000,0.000000,0.000000,0.000000,0.000000,nan,nan,nan
1774407435.244084,0.000000,0.000000,0.000000,0.000000,0.000000,0.000000,nan,nan,nan
1774407435.344083,0.000000,0.000000,0.000000,0.000000,0.000000,0.000000,nan,nan,nan
1774407435.444084,0.000000,0.000000,0.000000,0.000000,0.000000,0.000000,nan,nan,nan
1774407435.544078,0.000000,0.000000,0.000000,0.000000,0.000000,0.000000,nan,nan,nan
1774407435.644080,0.000000,0.000000,0.000000,0.000000,0.000000,0.000000,nan,nan,nan
1774407435.744075,0.000000,0.000000,0.000000,0.000000,0.000000,0.000000,nan,nan,nan
1774407435.844083,0.000000,0.000000,0.000000,0.000000,0.000000,0.000000,nan,nan,nan
1774407435.944079,0.000000,0.000000,0.000000,0.000000,0.000000,0.000000,nan,nan,nan
1774407436.044099,0.000000,0.000000,0.000000,0.000000,0.000000,0.000000,nan,nan,nan
1774407436.144083,0.000000,0.000000,0.000000,0.000000,0.000000,0.000000,nan,nan,nan
1774407436.244079,0.000000,0.000000,0.000000,0.000000,0.000000,0.000000,nan,nan,nan
1774407436.344023,0.000000,0.000000,0.000000,0.000000,0.000000,0.000000,nan,nan,nan
1774407436.444106,0.000000,0.000000,0.000000,0.000000,0.000000,0.000000,nan,nan,nan
1774407436.544096,0.000000,0.000000,0.000000,0.000000,0.000000,0.000000,nan,nan,nan
1774407436.644091,0.000000,0.000000,0.000000,0.000000,0.000000,0.000000,nan,nan,nan
1774407436.744102,0.000000,0.000000,0.000000,0.000000,0.000000,0.000000,nan,nan,nan
1774407436.844056,0.000000,0.000000,0.000000,0.000000,0.000000,0.000000,nan,nan,nan
1774407436.944044,0.000000,0.000000,0.000000,0.000000,0.000000,0.000000,nan,nan,nan
1774407437.044071,0.000000,0.000000,0.000000,0.000000,0.000000,0.000000,nan,nan,nan
1774407437.144047,0.000000,0.000000,0.000000,0.000000,0.000000,0.000000,nan,nan,nan
1774407437.244048,0.000000,0.000000,0.000000,0.000000,0.000000,0.000000,nan,nan,nan
1774407437.344033,0.000000,0.000000,0.000000,0.000000,0.000000,0.000000,nan,nan,nan
1774407437.444043,0.000000,0.000000,0.000000,0.000000,0.000000,0.000000,nan,nan,nan
1774407437.544049,0.000000,0.000000,0.000000,0.000000,0.000000,0.000000,nan,nan,nan
1774407437.644037,0.000000,0.000000,0.000000,0.000000,0.000000,0.000000,nan,nan,nan
1774407437.744043,0.000000,0.000000,0.000000,0.000000,0.000000,0.000000,nan,nan,nan
1774407437.844041,0.000000,0.000000,0.000000,0.000000,0.000000,0.000000,nan,nan,nan
1774407437.944034,0.000000,0.000000,0.000000,0.000000,0.000000,0.000000,nan,nan,nan
1774407438.044050,0.000000,0.000000,0.000000,0.000000,0.000000,0.000000,nan,nan,nan
1774407438.144048,0.000000,0.000000,0.000000,0.000000,0.000000,0.000000,nan,nan,nan
1774407438.244055,0.000000,0.000000,0.000000,0.000000,0.000000,0.000000,nan,nan,nan
1774407438.344042,0.000000,0.000000,0.000000,0.000000,0.000000,0.000000,nan,nan,nan
1774407438.444036,0.000000,0.000000,0.000000,0.000000,0.000000,0.000000,nan,nan,nan
1774407438.544039,0.000000,0.000000,0.000000,0.000000,0.000000,0.000000,nan,nan,nan
1774407438.644047,0.000000,0.000000,0.000000,0.000000,0.000000,0.000000,nan,nan,nan
1774407438.744048,0.000000,0.000000,0.000000,0.000000,0.000000,0.000000,nan,nan,nan
1774407438.844039,0.000000,0.000000,0.000000,0.000000,0.000000,0.000000,nan,nan,nan
1774407438.944044,0.000000,0.000000,0.000000,0.000000,0.000000,0.000000,nan,nan,nan
1774407439.044047,0.000000,0.000000,0.000000,0.000000,0.000000,0.000000,nan,nan,nan
1774407439.144028,0.000000,0.000000,0.000000,0.000000,0.000000,0.000000,nan,nan,nan
1774407439.244044,0.000000,0.000000,0.000000,0.000000,0.000000,0.000000,nan,nan,nan
1774407439.344045,0.000000,0.000000,0.000000,0.000000,0.000000,0.000000,nan,nan,nan
1774407439.444042,0.000000,0.000000,0.000000,0.000000,0.000000,0.000000,nan,nan,nan
1774407439.544044,0.000000,0.000000,0.000000,0.000000,0.000000,0.000000,nan,nan,nan
1774407439.644032,0.000000,0.000000,0.000000,0.000000,0.000000,0.000000,nan,nan,nan
1774407439.744245,0.000000,0.000000,0.000000,0.000000,0.000000,0.000000,nan,nan,nan
1774407439.844041,0.000000,0.000000,0.000000,0.000000,0.000000,0.000000,nan,nan,nan
1774407439.944044,0.000000,0.000000,0.000000,0.000000,0.000000,0.000000,nan,nan,nan
1774407440.044048,0.000000,0.000000,0.000000,0.000000,0.000000,0.000000,nan,nan,nan
1774407440.144044,0.000000,0.000000,0.000000,0.000000,0.000000,0.000000,nan,nan,nan
1774407440.244293,0.000000,0.000000,0.000000,0.000000,0.000000,0.000000,nan,nan,nan
1774407440.344070,0.000000,0.000000,0.000000,0.000000,0.000000,0.000000,nan,nan,nan
1774407440.444185,0.000000,0.000000,0.000000,0.000000,0.000000,0.000000,nan,nan,nan
1774407440.544036,0.000000,0.000000,0.000000,0.000000,0.000000,0.000000,nan,nan,nan
1774407440.645019,0.000000,0.000000,0.000000,0.000000,0.000000,0.000000,nan,nan,nan
1774407440.744038,0.000000,0.000000,0.000000,0.000000,0.000000,0.000000,nan,nan,nan
1774407440.844049,0.000000,0.000000,0.000000,0.000000,0.000000,0.000000,nan,nan,nan
1774407440.944312,0.000000,0.000000,0.000000,0.000000,0.000000,0.000000,nan,nan,nan
1774407441.044155,0.000000,0.000000,0.000000,0.000000,0.000000,0.000000,nan,nan,nan
1774407441.144727,0.000000,0.000000,0.000000,0.000000,0.000000,0.000000,nan,nan,nan
1774407441.244046,0.000000,0.000000,0.000000,0.000000,0.000000,0.000000,nan,nan,nan
1774407441.345033,0.000000,0.000000,0.000000,0.000000,0.000000,0.000000,nan,nan,nan
1774407441.444056,0.000000,0.000000,0.000000,0.000000,0.000000,0.000000,nan,nan,nan
1774407441.544038,0.000000,0.000000,0.000000,0.000000,0.000000,0.000000,nan,nan,nan
1774407441.644261,0.000000,0.000000,0.000000,0.000000,0.000000,0.000000,nan,nan,nan
1774407441.744037,0.000000,0.000000,0.000000,0.000000,0.000000,0.000000,nan,nan,nan
1774407441.844621,0.000000,0.000000,0.000000,0.000000,0.000000,0.000000,nan,nan,nan
1774407441.944115,0.000000,0.000000,0.000000,0.000000,0.000000,0.000000,nan,nan,nan
1774407442.044156,0.000000,0.000000,0.000000,0.000000,0.000000,0.000000,nan,nan,nan
1774407442.144093,0.000000,0.000000,0.000000,0.000000,0.000000,0.000000,nan,nan,nan
1774407442.244123,0.000000,0.000000,0.000000,0.000000,0.000000,0.000000,nan,nan,nan
1774407442.344261,0.000000,0.000000,0.000000,0.000000,0.000000,0.000000,nan,nan,nan
1774407442.444087,0.000000,0.000000,0.000000,0.000000,0.000000,0.000000,nan,nan,nan
1774407442.545142,0.000000,0.000000,0.000000,0.000000,0.000000,0.000000,nan,nan,nan
1774407442.644092,0.000000,0.000000,0.000000,0.000000,0.000000,0.000000,nan,nan,nan
1774407442.744149,0.000000,0.000000,0.000000,0.000000,0.000000,0.000000,nan,nan,nan
1774407442.844085,0.000000,0.000000,0.000000,0.000000,0.000000,0.000000,nan,nan,nan
1774407442.944076,0.000000,0.000000,0.000000,0.000000,0.000000,0.000000,nan,nan,nan
1774407443.044110,0.000000,0.000000,0.000000,0.000000,0.000000,0.000000,nan,nan,nan
1774407443.144037,0.000000,0.000000,0.000000,0.000000,0.000000,0.000000,nan,nan,nan
1774407443.244087,0.000000,0.000000,0.000000,0.000000,0.000000,0.000000,nan,nan,nan
1774407443.344062,0.000000,0.000000,0.000000,0.000000,0.000000,0.000000,nan,nan,nan
1774407443.444085,0.000000,0.000000,0.000000,0.000000,0.000000,0.000000,nan,nan,nan
1774407443.544036,0.000000,0.000000,0.000000,0.000000,0.000000,0.000000,nan,nan,nan
1774407443.644055,0.000000,0.000000,0.000000,0.000000,0.000000,0.000000,nan,nan,nan
1774407443.744067,0.000000,0.000000,0.000000,0.000000,0.000000,0.000000,nan,nan,nan
1774407443.844051,0.000000,0.000000,0.000000,0.000000,0.000000,0.000000,nan,nan,nan
1774407443.944045,0.000000,0.000000,0.000000,0.000000,0.000000,0.000000,nan,nan,nan
1774407444.044096,0.000000,0.000000,0.000000,0.000000,0.000000,0.000000,nan,nan,nan
1774407444.144092,0.000000,0.000000,0.000000,0.000000,0.000000,0.000000,nan,nan,nan
1774407444.244040,0.000000,0.000000,0.000000,0.000000,0.000000,0.000000,nan,nan,nan
1774407444.344030,0.000000,0.000000,0.000000,0.000000,0.000000,0.000000,nan,nan,nan
1774407444.444036,0.000000,0.000000,0.000000,0.000000,0.000000,0.000000,nan,nan,nan
1774407444.544036,0.000000,0.000000,0.000000,0.000000,0.000000,0.000000,nan,nan,nan
1774407444.644021,0.000000,0.000000,0.000000,0.000000,0.000000,0.000000,nan,nan,nan
1774407444.744081,0.000000,0.000000,0.000000,0.000000,0.000000,0.000000,nan,nan,nan
1774407444.844046,0.000000,0.000000,0.000000,0.000000,0.000000,0.000000,nan,nan,nan
1774407444.944036,0.000000,0.000000,0.000000,0.000000,0.000000,0.000000,nan,nan,nan
1774407445.044047,0.000000,0.000000,0.000000,0.000000,0.000000,0.000000,nan,nan,nan
1774407445.144037,0.000000,0.000000,0.000000,0.000000,0.000000,0.000000,nan,nan,nan
1774407445.244051,0.000000,0.000000,0.000000,0.000000,0.000000,0.000000,nan,nan,nan
1774407445.344038,0.000000,0.000000,0.000000,0.000000,0.000000,0.000000,nan,nan,nan
1774407445.444023,0.000000,0.000000,0.000000,0.000000,0.000000,0.000000,nan,nan,nan
1774407445.544017,0.000000,0.000000,0.000000,0.000000,0.000000,0.000000,nan,nan,nan
1774407445.644196,0.000000,0.000000,0.000000,0.000000,0.000000,0.000000,nan,nan,nan
1774407445.744036,0.000000,0.000000,0.000000,0.000000,0.000000,0.000000,nan,nan,nan
1774407445.844091,0.000000,0.000000,0.000000,0.000000,0.000000,0.000000,nan,nan,nan
1774407445.944023,0.000000,0.000000,0.000000,0.000000,0.000000,0.000000,nan,nan,nan
1774407446.044041,0.000000,0.000000,0.000000,0.000000,0.000000,0.000000,nan,nan,nan
1774407446.144017,0.000000,0.000000,0.000000,0.000000,0.000000,0.000000,nan,nan,nan
1774407446.244070,0.000000,0.000000,0.000000,0.000000,0.000000,0.000000,nan,nan,nan
1774407446.343984,0.000000,0.000000,0.000000,0.000000,0.000000,0.000000,nan,nan,nan
1774407446.443990,0.000000,0.000000,0.000000,0.000000,0.000000,0.000000,nan,nan,nan
1774407446.544085,0.000000,0.000000,0.000000,0.000000,0.000000,0.000000,nan,nan,nan
1774407446.644194,0.000000,0.000000,0.000000,0.000000,0.000000,0.000000,nan,nan,nan
1774407446.744118,0.000000,0.000000,0.000000,0.000000,0.000000,0.000000,nan,nan,nan
1774407446.844067,0.000000,0.000000,0.000000,0.000000,0.000000,0.000000,nan,nan,nan
1774407446.944036,0.000000,0.000000,0.000000,0.000000,0.000000,0.000000,nan,nan,nan
1774407447.044349,0.000000,0.000000,0.000000,0.000000,0.000000,0.000000,nan,nan,nan
1774407447.144059,0.000000,0.000000,0.000000,0.000000,0.000000,0.000000,nan,nan,nan
1774407447.244086,0.000000,0.000000,0.000000,0.000000,0.000000,0.000000,nan,nan,nan
1774407447.344051,0.000000,0.000000,0.000000,0.000000,0.000000,0.000000,nan,nan,nan
1774407447.444036,0.000000,0.000000,0.000000,0.000000,0.000000,0.000000,nan,nan,nan
1774407447.544112,0.000000,0.000000,0.000000,0.000000,0.000000,0.000000,nan,nan,nan
1774407447.644069,0.000000,0.000000,0.000000,0.000000,0.000000,0.000000,nan,nan,nan
1774407447.743878,0.000000,0.000000,0.000000,0.000000,0.000000,0.000000,nan,nan,nan
1774407447.844123,0.000000,0.000000,0.000000,0.000000,0.000000,0.000000,nan,nan,nan
1774407447.944039,0.000000,0.000000,0.000000,0.000000,0.000000,0.000000,nan,nan,nan
1774407448.044068,0.000000,0.000000,0.000000,0.000000,0.000000,0.000000,nan,nan,nan
1774407448.144065,0.000000,0.000000,0.000000,0.000000,0.000000,0.000000,nan,nan,nan
1774407448.244040,0.000000,0.000000,0.000000,0.000000,0.000000,0.000000,nan,nan,nan
1774407448.344036,0.000000,0.000000,0.000000,0.000000,0.000000,0.000000,nan,nan,nan
1774407448.444035,0.000000,0.000000,0.000000,0.000000,0.000000,0.000000,nan,nan,nan
1774407448.544087,0.000000,0.000000,0.000000,0.000000,0.000000,0.000000,nan,nan,nan
1774407448.644076,0.000000,0.000000,0.000000,0.000000,0.000000,0.000000,nan,nan,nan
1774407448.744037,0.000000,0.000000,0.000000,0.000000,0.000000,0.000000,nan,nan,nan
1774407448.844041,0.000000,0.000000,0.000000,0.000000,0.000000,0.000000,nan,nan,nan
1774407448.944040,0.000000,0.000000,0.000000,0.000000,0.000000,0.000000,nan,nan,nan
1774407449.044034,0.000000,0.000000,0.000000,0.000000,0.000000,0.000000,nan,nan,nan
1774407449.144034,0.000000,0.000000,0.000000,0.000000,0.000000,0.000000,nan,nan,nan
1774407449.244082,0.000000,0.000000,0.000000,0.000000,0.000000,0.000000,nan,nan,nan
1774407449.344069,0.000000,0.000000,0.000000,0.000000,0.000000,0.000000,nan,nan,nan
1774407449.444133,0.000000,0.000000,0.000000,0.000000,0.000000,0.000000,nan,nan,nan
1774407449.544033,0.000000,0.000000,0.000000,0.000000,0.000000,0.000000,nan,nan,nan
1774407449.644096,0.000000,0.000000,0.000000,0.000000,0.000000,0.000000,nan,nan,nan
1774407449.744030,0.000000,0.000000,0.000000,0.000000,0.000000,0.000000,nan,nan,nan
1774407449.844087,0.000000,0.000000,0.000000,0.000000,0.000000,0.000000,nan,nan,nan
1774407449.944074,0.000000,0.000000,0.000000,0.000000,0.000000,0.000000,nan,nan,nan
1774407450.044095,0.000000,0.000000,0.000000,0.000000,0.000000,0.000000,nan,nan,nan
1774407450.144029,0.000000,0.000000,0.000000,0.000000,0.000000,0.000000,nan,nan,nan
1774407450.244106,0.000000,0.000000,0.000000,0.000000,0.000000,0.000000,nan,nan,nan
1774407450.344052,0.000000,0.000000,0.000000,0.000000,0.000000,0.000000,nan,nan,nan
1774407450.444085,0.000000,0.000000,0.000000,0.000000,0.000000,0.000000,nan,nan,nan
1774407450.544035,0.000000,0.000000,0.000000,0.000000,0.000000,0.000000,nan,nan,nan
1774407450.644073,0.000000,0.000000,0.000000,0.000000,0.000000,0.000000,nan,nan,nan
1774407450.744068,0.000000,0.000000,0.000000,0.000000,0.000000,0.000000,nan,nan,nan
1774407450.844033,0.000000,0.000000,0.000000,0.000000,0.000000,0.000000,nan,nan,nan
1774407450.944034,0.000000,0.000000,0.000000,0.000000,0.000000,0.000000,nan,nan,nan
1774407451.044194,0.000000,0.000000,0.000000,0.000000,0.000000,0.000000,nan,nan,nan
1774407451.144499,0.000000,0.000000,0.000000,0.000000,0.000000,0.000000,nan,nan,nan
1774407451.244065,0.000000,0.000000,0.000000,0.000000,0.000000,0.000000,nan,nan,nan
1774407451.344086,0.000000,0.000000,0.000000,0.000000,0.000000,0.000000,nan,nan,nan
1774407451.444069,0.000000,0.000000,0.000000,0.000000,0.000000,0.000000,nan,nan,nan
1774407451.544049,0.000000,0.000000,0.000000,0.000000,0.000000,0.000000,nan,nan,nan
1774407451.644062,0.000000,0.000000,0.000000,0.000000,0.000000,0.000000,nan,nan,nan
1774407451.744045,0.000000,0.000000,0.000000,0.000000,0.000000,0.000000,nan,nan,nan
1774407451.844063,0.000000,0.000000,0.000000,0.000000,0.000000,0.000000,nan,nan,nan
1774407451.944118,0.000000,0.000000,0.000000,0.000000,0.000000,0.000000,nan,nan,nan
1774407452.044113,0.000000,0.000000,0.000000,0.000000,0.000000,0.000000,nan,nan,nan
1774407452.144077,0.000000,0.000000,0.000000,0.000000,0.000000,0.000000,nan,nan,nan
1774407452.244070,0.000000,0.000000,0.000000,0.000000,0.000000,0.000000,nan,nan,nan
1774407452.344789,0.000000,0.000000,0.000000,0.000000,0.000000,0.000000,nan,nan,nan
1774407452.444090,0.000000,0.000000,0.000000,0.000000,0.000000,0.000000,nan,nan,nan
1774407452.544028,0.000000,0.000000,0.000000,0.000000,0.000000,0.000000,nan,nan,nan
1774407452.644092,0.000000,0.000000,0.000000,0.000000,0.000000,0.000000,nan,nan,nan
1774407452.744050,0.000000,0.000000,0.000000,0.000000,0.000000,0.000000,nan,nan,nan
1774407452.844078,0.000000,0.000000,0.000000,0.000000,0.000000,0.000000,nan,nan,nan
1774407452.944032,0.000000,0.000000,0.000000,0.000000,0.000000,0.000000,nan,nan,nan
1774407453.044611,0.000000,0.000000,0.000000,0.000000,0.000000,0.000000,nan,nan,nan
1774407453.144045,0.000000,0.000000,0.000000,0.000000,0.000000,0.000000,nan,nan,nan
1774407453.244068,0.000000,0.000000,0.000000,0.000000,0.000000,0.000000,nan,nan,nan
1774407453.344094,0.000000,0.000000,0.000000,0.000000,0.000000,0.000000,nan,nan,nan
1774407453.444077,0.000000,0.000000,0.000000,0.000000,0.000000,0.000000,nan,nan,nan
1774407453.544084,0.000000,0.000000,0.000000,0.000000,0.000000,0.000000,nan,nan,nan
1774407453.644163,0.000000,0.000000,0.000000,0.000000,0.000000,0.000000,nan,nan,nan
1774407453.744089,0.000000,0.000000,0.000000,0.000000,0.000000,0.000000,nan,nan,nan
1774407453.844118,0.000000,0.000000,0.000000,0.000000,0.000000,0.000000,nan,nan,nan
1774407453.944242,0.000000,0.000000,0.000000,0.000000,0.000000,0.000000,nan,nan,nan
1774407454.044055,0.000000,0.000000,0.000000,0.000000,0.000000,0.000000,nan,nan,nan
1774407454.144042,0.000000,0.000000,0.000000,0.000000,0.000000,0.000000,nan,nan,nan
1774407454.244036,0.000000,0.000000,0.000000,0.000000,0.000000,0.000000,nan,nan,nan
1774407454.344041,0.000000,0.000000,0.000000,0.000000,0.000000,0.000000,nan,nan,nan
1774407454.444038,0.000000,0.000000,0.000000,0.000000,0.000000,0.000000,nan,nan,nan
1774407454.544122,0.000000,0.000000,0.000000,0.000000,0.000000,0.000000,nan,nan,nan
1774407454.644082,0.000000,0.000000,0.000000,0.000000,0.000000,0.000000,nan,nan,nan
1774407454.744102,0.000000,0.000000,0.000000,0.000000,0.000000,0.000000,nan,nan,nan
1774407454.844162,0.000000,0.000000,0.000000,0.000000,0.000000,0.000000,nan,nan,nan
1774407454.944077,0.000000,0.000000,0.000000,0.000000,0.000000,0.000000,nan,nan,nan
1774407455.044081,0.000000,0.000000,0.000000,0.000000,0.000000,0.000000,nan,nan,nan
1774407455.144063,0.000000,0.000000,0.000000,0.000000,0.000000,0.000000,nan,nan,nan
1774407455.243889,0.000000,0.000000,0.000000,0.000000,0.000000,0.000000,nan,nan,nan
1774407455.344064,0.000000,0.000000,0.000000,0.000000,0.000000,0.000000,nan,nan,nan
1774407455.444031,0.000000,0.000000,0.000000,0.000000,0.000000,0.000000,nan,nan,nan
1774407455.544030,0.000000,0.000000,0.000000,0.000000,0.000000,0.000000,nan,nan,nan
1774407455.644045,0.000000,0.000000,0.000000,0.000000,0.000000,0.000000,nan,nan,nan
1774407455.744033,0.000000,0.000000,0.000000,0.000000,0.000000,0.000000,nan,nan,nan
1774407455.844070,0.000000,0.000000,0.000000,0.000000,0.000000,0.000000,nan,nan,nan
1774407455.944014,0.000000,0.000000,0.000000,0.000000,0.000000,0.000000,nan,nan,nan
1774407456.044149,0.000000,0.000000,0.000000,0.000000,0.000000,0.000000,nan,nan,nan
1774407456.144072,0.000000,0.000000,0.000000,0.000000,0.000000,0.000000,nan,nan,nan
1774407456.244054,0.000000,0.000000,0.000000,0.000000,0.000000,0.000000,nan,nan,nan
1774407456.344033,0.000000,0.000000,0.000000,0.000000,0.000000,0.000000,nan,nan,nan
1774407456.444041,0.000000,0.000000,0.000000,0.000000,0.000000,0.000000,nan,nan,nan
1774407456.544079,0.000000,0.000000,0.000000,0.000000,0.000000,0.000000,nan,nan,nan
1774407456.644087,0.000000,0.000000,0.000000,0.000000,0.000000,0.000000,nan,nan,nan
1774407456.744078,0.000000,0.000000,0.000000,0.000000,0.000000,0.000000,nan,nan,nan
1774407456.844080,0.000000,0.000000,0.000000,0.000000,0.000000,0.000000,nan,nan,nan
1774407456.944096,0.000000,0.000000,0.000000,0.000000,0.000000,0.000000,nan,nan,nan
1774407457.044089,0.000000,0.000000,0.000000,0.000000,0.000000,0.000000,nan,nan,nan
1774407457.144073,0.000000,0.000000,0.000000,0.000000,0.000000,0.000000,nan,nan,nan
1774407457.244034,0.000000,0.000000,0.000000,0.000000,0.000000,0.000000,nan,nan,nan
1774407457.344083,0.000000,0.000000,0.000000,0.000000,0.000000,0.000000,nan,nan,nan
1774407457.444148,0.000000,0.000000,0.000000,0.000000,0.000000,0.000000,nan,nan,nan
1774407457.544083,0.000000,0.000000,0.000000,0.000000,0.000000,0.000000,nan,nan,nan
1774407457.643990,0.000000,0.000000,0.000000,0.000000,0.000000,0.000000,nan,nan,nan
1774407457.744075,0.000000,0.000000,0.000000,0.000000,0.000000,0.000000,nan,nan,nan
1774407457.844074,0.000000,0.000000,0.000000,0.000000,0.000000,0.000000,nan,nan,nan
1774407457.944046,0.000000,0.000000,0.000000,0.000000,0.000000,0.000000,nan,nan,nan
1774407458.044088,0.000000,0.000000,0.000000,0.000000,0.000000,0.000000,nan,nan,nan
1774407458.144043,0.000000,0.000000,0.000000,0.000000,0.000000,0.000000,nan,nan,nan
1774407458.244094,0.000000,0.000000,0.000000,0.000000,0.000000,0.000000,nan,nan,nan
1774407458.344098,0.000000,0.000000,0.000000,0.000000,0.000000,0.000000,nan,nan,nan
1774407458.444034,0.000000,0.000000,0.000000,0.000000,0.000000,0.000000,nan,nan,nan
1774407458.544073,0.000000,0.000000,0.000000,0.000000,0.000000,0.000000,nan,nan,nan
1774407458.644197,0.000000,0.000000,0.000000,0.000000,0.000000,0.000000,nan,nan,nan
1774407458.744171,0.000000,0.000000,0.000000,0.000000,0.000000,0.000000,nan,nan,nan
1774407458.844100,0.000000,0.000000,0.000000,0.000000,0.000000,0.000000,nan,nan,nan
1774407458.944101,0.000000,0.000000,0.000000,0.000000,0.000000,0.000000,nan,nan,nan
1774407459.044111,0.000000,0.000000,0.000000,0.000000,0.000000,0.000000,nan,nan,nan
1774407459.144033,0.000000,0.000000,0.000000,0.000000,0.000000,0.000000,nan,nan,nan
1774407459.244032,0.000000,0.000000,0.000000,0.000000,0.000000,0.000000,nan,nan,nan
1774407459.344039,0.000000,0.000000,0.000000,0.000000,0.000000,0.000000,nan,nan,nan
1774407459.444095,0.000000,0.000000,0.000000,0.000000,0.000000,0.000000,nan,nan,nan
1774407459.544083,0.000000,0.000000,0.000000,0.000000,0.000000,0.000000,nan,nan,nan
1774407459.644066,0.000000,0.000000,0.000000,0.000000,0.000000,0.000000,nan,nan,nan
1774407459.744070,0.000000,0.000000,0.000000,0.000000,0.000000,0.000000,nan,nan,nan
1774407459.844039,0.000000,0.000000,0.000000,0.000000,0.000000,0.000000,nan,nan,nan
1774407459.944106,0.000000,0.000000,0.000000,0.000000,0.000000,0.000000,nan,nan,nan
1774407460.044106,0.000000,0.000000,0.000000,0.000000,0.000000,0.000000,nan,nan,nan
1774407460.144076,0.000000,0.000000,0.000000,0.000000,0.000000,0.000000,nan,nan,nan
1774407460.244043,0.000000,0.000000,0.000000,0.000000,0.000000,0.000000,nan,nan,nan
1774407460.344023,0.000000,0.000000,0.000000,0.000000,0.000000,0.000000,nan,nan,nan
1774407460.444034,0.000000,0.000000,0.000000,0.000000,0.000000,0.000000,nan,nan,nan
1774407460.543878,0.000000,0.000000,0.000000,0.000000,0.000000,0.000000,nan,nan,nan
1774407460.644031,0.000000,0.000000,0.000000,0.000000,0.000000,0.000000,nan,nan,nan
1774407460.744058,0.000000,0.000000,0.000000,0.000000,0.000000,0.000000,nan,nan,nan
1774407460.844026,0.000000,0.000000,0.000000,0.000000,0.000000,0.000000,nan,nan,nan
1774407460.944036,0.000000,0.000000,0.000000,0.000000,0.000000,0.000000,nan,nan,nan
1774407461.044066,0.000000,0.000000,0.000000,0.000000,0.000000,0.000000,nan,nan,nan
1774407461.144030,0.000000,0.000000,0.000000,0.000000,0.000000,0.000000,nan,nan,nan
1774407461.244067,0.000000,0.000000,0.000000,0.000000,0.000000,0.000000,nan,nan,nan
1774407461.344024,0.000000,0.000000,0.000000,0.000000,0.000000,0.000000,nan,nan,nan
1774407461.444066,0.000000,0.000000,0.000000,0.000000,0.000000,0.000000,nan,nan,nan
1774407461.544129,0.000000,0.000000,0.000000,0.000000,0.000000,0.000000,nan,nan,nan
1774407461.644068,0.000000,0.000000,0.000000,0.000000,0.000000,0.000000,nan,nan,nan
1774407461.744063,0.000000,0.000000,0.000000,0.000000,0.000000,0.000000,nan,nan,nan
1774407461.844119,0.000000,0.000000,0.000000,0.000000,0.000000,0.000000,nan,nan,nan
1774407461.944029,0.000000,0.000000,0.000000,0.000000,0.000000,0.000000,nan,nan,nan
1774407462.044125,0.000000,0.000000,0.000000,0.000000,0.000000,0.000000,nan,nan,nan
1774407462.144055,0.000000,0.000000,0.000000,0.000000,0.000000,0.000000,nan,nan,nan
1774407462.244035,0.000000,0.000000,0.000000,0.000000,0.000000,0.000000,nan,nan,nan
1774407462.344090,0.000000,0.000000,0.000000,0.000000,0.000000,0.000000,nan,nan,nan
1774407462.444037,0.000000,0.000000,0.000000,0.000000,0.000000,0.000000,nan,nan,nan
1774407462.544122,0.000000,0.000000,0.000000,0.000000,0.000000,0.000000,nan,nan,nan
1774407462.644104,0.000000,0.000000,0.000000,0.000000,0.000000,0.000000,nan,nan,nan
1774407462.744034,0.000000,0.000000,0.000000,0.000000,0.000000,0.000000,nan,nan,nan
1774407462.844103,0.000000,0.000000,0.000000,0.000000,0.000000,0.000000,nan,nan,nan
1774407462.944098,0.000000,0.000000,0.000000,0.000000,0.000000,0.000000,nan,nan,nan
1774407463.044040,0.000000,0.000000,0.000000,0.000000,0.000000,0.000000,nan,nan,nan
1774407463.144081,0.000000,0.000000,0.000000,0.000000,0.000000,0.000000,nan,nan,nan
1774407463.244042,0.000000,0.000000,0.000000,0.000000,0.000000,0.000000,nan,nan,nan
1774407463.344031,0.000000,0.000000,0.000000,0.000000,0.000000,0.000000,nan,nan,nan
1774407463.444032,0.000000,0.000000,0.000000,0.000000,0.000000,0.000000,nan,nan,nan
1774407463.544034,0.000000,0.000000,0.000000,0.000000,0.000000,0.000000,nan,nan,nan
1774407463.644037,0.000000,0.000000,0.000000,0.000000,0.000000,0.000000,nan,nan,nan
1774407463.744038,0.000000,0.000000,0.000000,0.000000,0.000000,0.000000,nan,nan,nan
1774407463.844089,0.000000,0.000000,0.000000,0.000000,0.000000,0.000000,nan,nan,nan
1774407463.944029,0.000000,0.000000,0.000000,0.000000,0.000000,0.000000,nan,nan,nan
1774407464.044105,0.000000,0.000000,0.000000,0.000000,0.000000,0.000000,nan,nan,nan
1774407464.144030,0.000000,0.000000,0.000000,0.000000,0.000000,0.000000,nan,nan,nan
1774407464.244034,0.000000,0.000000,0.000000,0.000000,0.000000,0.000000,nan,nan,nan
1774407464.344070,0.000000,0.000000,0.000000,0.000000,0.000000,0.000000,nan,nan,nan
1774407464.444077,0.000000,0.000000,0.000000,0.000000,0.000000,0.000000,nan,nan,nan
1774407464.544029,0.000000,0.000000,0.000000,0.000000,0.000000,0.000000,nan,nan,nan
1774407464.644080,0.000000,0.000000,0.000000,0.000000,0.000000,0.000000,nan,nan,nan
1774407464.744037,0.000000,0.000000,0.000000,0.000000,0.000000,0.000000,nan,nan,nan
1774407464.844076,0.000000,0.000000,0.000000,0.000000,0.000000,0.000000,nan,nan,nan
1774407464.944076,0.000000,0.000000,0.000000,0.000000,0.000000,0.000000,nan,nan,nan
1774407465.044071,0.000000,0.000000,0.000000,0.000000,0.000000,0.000000,nan,nan,nan
1774407465.144031,0.000000,0.000000,0.000000,0.000000,0.000000,0.000000,nan,nan,nan
1774407465.244029,0.000000,0.000000,0.000000,0.000000,0.000000,0.000000,nan,nan,nan
1774407465.344057,0.000000,0.000000,0.000000,0.000000,0.000000,0.000000,nan,nan,nan
1774407465.444023,0.000000,0.000000,0.000000,0.000000,0.000000,0.000000,nan,nan,nan
1774407465.544026,0.000000,0.000000,0.000000,0.000000,0.000000,0.000000,nan,nan,nan
1774407465.644111,0.000000,0.000000,0.000000,0.000000,0.000000,0.000000,nan,nan,nan
1774407465.744029,0.000000,0.000000,0.000000,0.000000,0.000000,0.000000,nan,nan,nan
1774407465.844029,0.000000,0.000000,0.000000,0.000000,0.000000,0.000000,nan,nan,nan
1774407465.944031,0.000000,0.000000,0.000000,0.000000,0.000000,0.000000,nan,nan,nan
1774407466.044042,0.000000,0.000000,0.000000,0.000000,0.000000,0.000000,nan,nan,nan
1774407466.144045,0.000000,0.000000,0.000000,0.000000,0.000000,0.000000,nan,nan,nan
1774407466.244044,0.000000,0.000000,0.000000,0.000000,0.000000,0.000000,nan,nan,nan
1774407466.344034,0.000000,0.000000,0.000000,0.000000,0.000000,0.000000,nan,nan,nan
1774407466.444028,0.000000,0.000000,0.000000,0.000000,0.000000,0.000000,nan,nan,nan
1774407466.544029,0.000000,0.000000,0.000000,0.000000,0.000000,0.000000,nan,nan,nan
1774407466.644035,0.000000,0.000000,0.000000,0.000000,0.000000,0.000000,nan,nan,nan
1774407466.744035,0.000000,0.000000,0.000000,0.000000,0.000000,0.000000,nan,nan,nan
1774407466.844044,0.001178,0.000001,0.001208,0.000793,0.000000,0.000000,nan,nan,nan
1774407466.944032,0.004712,0.000005,0.000000,0.003748,0.000000,0.000000,nan,nan,nan
1774407467.044035,0.011781,0.000009,0.002417,0.009921,0.000000,0.000000,nan,nan,nan
1774407467.144031,0.019635,0.000028,0.002417,0.017595,0.000000,0.000000,nan,nan,nan
1774407467.244143,0.025525,0.000043,0.001208,0.024383,0.000000,0.000000,nan,nan,nan
1774407467.344071,0.029845,0.000051,0.002417,0.026541,0.000000,0.000000,nan,nan,nan
1774407467.444042,0.034557,0.000062,0.002417,0.030655,0.000000,0.000000,nan,nan,nan
1774407467.544038,0.041233,0.000078,0.001208,0.035992,0.000000,0.000000,nan,nan,nan
1774407467.644050,0.047516,0.000086,0.001208,0.042822,0.000000,0.000000,nan,nan,nan
1774407467.744029,0.053407,0.000093,0.002417,0.049001,0.000000,0.000000,nan,nan,nan
1774407467.844037,0.058905,0.000103,0.002417,0.054811,0.000000,0.000000,nan,nan,nan
1774407467.944026,0.064010,0.000112,0.001208,0.060204,0.000000,0.000000,nan,nan,nan
1774407468.044042,0.068722,0.000121,0.001208,0.065309,0.000000,0.000000,nan,nan,nan
1774407468.144039,0.068722,0.000121,0.001208,0.068670,0.000000,0.000000,nan,nan,nan
1774407468.244031,0.068722,0.000121,0.001208,0.068671,0.000000,0.000000,nan,nan,nan
1774407468.344032,0.068722,0.000121,0.001208,0.068671,0.000000,0.000000,nan,nan,nan
1774407468.444233,0.068722,0.000121,0.001208,0.068672,0.000000,0.000000,nan,nan,nan
1774407468.544043,0.068722,0.000121,0.001208,0.068671,0.000000,0.000000,nan,nan,nan
1774407468.644073,0.068722,0.000121,0.001208,0.068672,0.000000,0.000000,nan,nan,nan
1774407468.744052,0.068722,0.000121,0.001208,0.068673,0.000000,0.000000,nan,nan,nan
1774407468.844063,0.068722,0.000121,0.001208,0.068672,0.000000,0.000000,nan,nan,nan
1774407468.944043,0.068722,0.000121,0.001208,0.068673,0.000000,0.000000,nan,nan,nan
1774407469.044052,0.068722,0.000121,0.001208,0.068672,0.000000,0.000000,nan,nan,nan
1774407469.144108,0.068722,0.000121,0.001208,0.068673,0.000000,0.000000,nan,nan,nan
1774407469.244098,0.068722,0.000121,0.001208,0.068672,0.000000,0.000000,nan,nan,nan
1774407469.344100,0.069115,0.000121,0.002417,0.068673,0.000000,0.000000,nan,nan,nan
1774407469.444052,0.067544,0.000117,0.004833,0.068667,0.000000,0.000000,nan,nan,nan
1774407469.544104,0.062439,0.000096,0.003625,0.066493,0.000000,0.000000,nan,nan,nan
1774407469.644058,0.054585,0.000068,0.003625,0.060405,0.000000,0.000000,nan,nan,nan
1774407469.744054,0.047909,0.000047,0.002417,0.052721,0.000000,0.000000,nan,nan,nan
1774407469.844076,0.042412,0.000034,0.002417,0.046241,0.000000,0.000000,nan,nan,nan
1774407469.944068,0.041626,0.000032,0.004833,0.041783,0.000000,0.000000,nan,nan,nan
1774407470.044121,0.041626,0.000032,0.004833,0.041424,0.000000,0.000000,nan,nan,nan
1774407470.144072,0.041626,0.000032,0.004833,0.041424,0.000000,0.000000,nan,nan,nan
1774407470.244062,0.041626,0.000032,0.004833,0.041424,0.000000,0.000000,nan,nan,nan
1774407470.344033,0.039663,0.000023,0.006042,0.041424,0.000000,0.000000,nan,nan,nan
1774407470.444088,0.034165,-0.000010,0.003625,0.038400,0.000000,0.000000,nan,nan,nan
1774407470.544072,0.027096,-0.000040,0.003625,0.032294,0.000000,0.000000,nan,nan,nan
1774407470.644047,0.020813,-0.000066,0.006042,0.025068,0.000000,0.000000,nan,nan,nan
1774407470.744156,0.017279,-0.000088,0.004833,0.018721,0.000000,0.000000,nan,nan,nan
1774407470.844083,0.012174,-0.000115,0.006042,0.013240,0.000000,0.000000,nan,nan,nan
1774407470.944578,0.004713,-0.000148,0.002417,0.008539,0.000000,0.000000,nan,nan,nan
1774407471.044125,0.001964,-0.000155,0.003625,0.003097,0.000000,0.000000,nan,nan,nan
1774407471.144111,-0.004319,-0.000177,0.003625,-0.002889,0.000000,0.000000,nan,nan,nan
1774407471.244043,-0.009817,-0.000197,0.003625,-0.008943,0.000000,0.000000,nan,nan,nan
1774407471.344036,-0.015707,-0.000215,0.002417,-0.014608,0.000000,0.000000,nan,nan,nan
1774407471.444037,-0.019242,-0.000224,0.003625,-0.019081,0.000000,0.000000,nan,nan,nan
1774407471.544044,-0.019242,-0.000224,0.003625,-0.019451,0.000000,0.000000,nan,nan,nan
1774407471.644035,-0.019242,-0.000224,0.003625,-0.019451,0.000000,0.000000,nan,nan,nan
1774407471.744037,-0.019242,-0.000224,0.003625,-0.019452,0.000000,0.000000,nan,nan,nan
1774407471.844105,-0.019242,-0.000224,0.003625,-0.019453,0.000000,0.000000,nan,nan,nan
1774407471.944051,-0.019242,-0.000224,0.003625,-0.019452,0.000000,0.000000,nan,nan,nan
1774407472.044081,-0.019242,-0.000224,0.003625,-0.019453,0.000000,0.000000,nan,nan,nan
1774407472.144030,-0.019242,-0.000224,0.003625,-0.019452,0.000000,0.000000,nan,nan,nan
1774407472.244088,-0.019242,-0.000224,0.003625,-0.019453,0.000000,0.000000,nan,nan,nan
1774407472.344025,-0.019242,-0.000224,0.003625,-0.019452,0.000000,0.000000,nan,nan,nan
1774407472.444075,-0.019242,-0.000224,0.003625,-0.019453,0.000000,0.000000,nan,nan,nan
1774407472.544031,-0.019242,-0.000224,0.003625,-0.019453,0.000000,0.000000,nan,nan,nan
1774407472.644080,-0.019242,-0.000224,0.003625,-0.019453,0.000000,0.000000,nan,nan,nan
1774407472.744030,-0.019242,-0.000224,0.003625,-0.019453,0.000000,0.000000,nan,nan,nan
1774407472.844310,-0.019242,-0.000224,0.003625,-0.019453,0.000000,0.000000,nan,nan,nan
1774407472.944043,-0.019242,-0.000224,0.003625,-0.019453,0.000000,0.000000,nan,nan,nan
1774407473.044075,-0.019242,-0.000224,0.003625,-0.019453,0.000000,0.000000,nan,nan,nan
1774407473.144026,-0.019242,-0.000224,0.003625,-0.019453,0.000000,0.000000,nan,nan,nan
1774407473.244064,-0.019242,-0.000224,0.003625,-0.019453,0.000000,0.000000,nan,nan,nan
1774407473.344042,-0.019242,-0.000224,0.003625,-0.019453,0.000000,0.000000,nan,nan,nan
1774407473.444088,-0.019242,-0.000224,0.003625,-0.019454,0.000000,0.000000,nan,nan,nan
1774407473.544156,-0.019242,-0.000224,0.003625,-0.019453,0.000000,0.000000,nan,nan,nan
1774407473.644032,-0.019242,-0.000224,0.003625,-0.019454,0.000000,0.000000,nan,nan,nan
1774407473.744028,-0.019242,-0.000224,0.003625,-0.019453,0.000000,0.000000,nan,nan,nan
1774407473.844079,-0.019242,-0.000224,0.003625,-0.019454,0.000000,0.000000,nan,nan,nan
1774407473.944039,-0.019242,-0.000224,0.003625,-0.019453,0.000000,0.000000,nan,nan,nan
1774407474.044083,-0.019242,-0.000224,0.003625,-0.019454,0.000000,0.000000,nan,nan,nan
1774407474.144031,-0.019242,-0.000224,0.003625,-0.019454,0.000000,0.000000,nan,nan,nan
1774407474.244074,-0.019242,-0.000224,0.003625,-0.019454,0.000000,0.000000,nan,nan,nan
1774407474.344033,-0.019242,-0.000224,0.003625,-0.019454,0.000000,0.000000,nan,nan,nan
1774407474.444039,-0.019242,-0.000224,0.003625,-0.019454,0.000000,0.000000,nan,nan,nan
1774407474.544037,-0.019242,-0.000224,0.003625,-0.019454,0.000000,0.000000,nan,nan,nan
1774407474.644033,-0.019242,-0.000224,0.003625,-0.019454,0.000000,0.000000,nan,nan,nan
1774407474.744036,-0.019242,-0.000224,0.003625,-0.019454,0.000000,0.000000,nan,nan,nan
1774407474.844042,-0.019242,-0.000224,0.003625,-0.019454,0.000000,0.000000,nan,nan,nan
1774407474.944038,-0.019242,-0.000224,0.003625,-0.019454,0.000000,0.000000,nan,nan,nan
1774407475.044096,-0.019242,-0.000224,0.003625,-0.019454,0.000000,0.000000,nan,nan,nan
1774407475.144075,-0.019242,-0.000224,0.003625,-0.019454,0.000000,0.000000,nan,nan,nan
1774407475.244043,-0.019242,-0.000224,0.003625,-0.019454,0.000000,0.000000,nan,nan,nan
1774407475.344096,-0.019242,-0.000224,0.003625,-0.019454,0.000000,0.000000,nan,nan,nan
1774407475.444082,-0.019242,-0.000224,0.003625,-0.019454,0.000000,0.000000,nan,nan,nan
1774407475.544083,-0.019242,-0.000224,0.003625,-0.019454,0.000000,0.000000,nan,nan,nan
1774407475.644086,-0.019242,-0.000224,0.003625,-0.019454,0.000000,0.000000,nan,nan,nan
1774407475.744045,-0.019242,-0.000224,0.003625,-0.019454,0.000000,0.000000,nan,nan,nan
1774407475.844045,-0.019242,-0.000224,0.003625,-0.019454,0.000000,0.000000,nan,nan,nan
1774407475.944033,-0.019242,-0.000224,0.003625,-0.019454,0.000000,0.000000,nan,nan,nan
1774407476.044120,-0.019242,-0.000224,0.003625,-0.019454,0.000000,0.000000,nan,nan,nan
1774407476.144094,-0.019242,-0.000224,0.003625,-0.019454,0.000000,0.000000,nan,nan,nan
1774407476.244063,-0.019242,-0.000224,0.003625,-0.019454,0.000000,0.000000,nan,nan,nan
1774407476.344026,-0.019242,-0.000224,0.003625,-0.019454,0.000000,0.000000,nan,nan,nan
1774407476.444031,-0.019242,-0.000224,0.003625,-0.019454,0.000000,0.000000,nan,nan,nan
1774407476.544030,-0.019242,-0.000224,0.003625,-0.019454,0.000000,0.000000,nan,nan,nan
1774407476.644034,-0.019242,-0.000224,0.003625,-0.019454,0.000000,0.000000,nan,nan,nan
1774407476.744035,-0.019242,-0.000224,0.003625,-0.019454,0.000000,0.000000,nan,nan,nan
1774407476.844053,-0.019242,-0.000224,0.003625,-0.019454,0.000000,0.000000,nan,nan,nan
1774407476.944038,-0.019242,-0.000224,0.003625,-0.019454,0.000000,0.000000,nan,nan,nan
1774407477.044105,-0.019242,-0.000224,0.003625,-0.019454,0.000000,0.000000,nan,nan,nan
1774407477.144042,-0.019242,-0.000224,0.003625,-0.019454,0.000000,0.000000,nan,nan,nan
1774407477.244049,-0.019242,-0.000224,0.003625,-0.019454,0.000000,0.000000,nan,nan,nan
1774407477.344068,-0.019242,-0.000224,0.003625,-0.019454,0.000000,0.000000,nan,nan,nan
1774407477.444104,-0.019242,-0.000224,0.003625,-0.019454,0.000000,0.000000,nan,nan,nan
1774407477.544105,-0.019242,-0.000224,0.003625,-0.019454,0.000000,0.000000,nan,nan,nan
1774407477.644087,-0.019242,-0.000224,0.003625,-0.019454,0.000000,0.000000,nan,nan,nan
1774407477.744102,-0.019242,-0.000224,0.003625,-0.019454,0.000000,0.000000,nan,nan,nan
1774407477.844008,-0.019242,-0.000224,0.003625,-0.019454,0.000000,0.000000,nan,nan,nan
1774407477.944108,-0.019242,-0.000224,0.003625,-0.019454,0.000000,0.000000,nan,nan,nan
1774407478.044185,-0.019242,-0.000224,0.003625,-0.019454,0.000000,0.000000,nan,nan,nan
1774407478.144086,-0.019242,-0.000224,0.003625,-0.019454,0.000000,0.000000,nan,nan,nan
1774407478.244038,-0.019242,-0.000224,0.003625,-0.019454,0.000000,0.000000,nan,nan,nan
1774407478.344014,-0.019242,-0.000224,0.003625,-0.019454,0.000000,0.000000,nan,nan,nan
1774407478.444095,-0.019242,-0.000224,0.003625,-0.019454,0.000000,0.000000,nan,nan,nan
1774407478.544036,-0.019242,-0.000224,0.003625,-0.019454,0.000000,0.000000,nan,nan,nan
1774407478.644092,-0.019242,-0.000224,0.003625,-0.019454,0.000000,0.000000,nan,nan,nan
1774407478.744097,-0.019242,-0.000224,0.003625,-0.019454,0.000000,0.000000,nan,nan,nan
1774407478.844104,-0.019242,-0.000224,0.003625,-0.019454,0.000000,0.000000,nan,nan,nan
1774407478.944079,-0.019242,-0.000224,0.003625,-0.019454,0.000000,0.000000,nan,nan,nan
1774407479.044149,-0.019242,-0.000224,0.003625,-0.019454,0.000000,0.000000,nan,nan,nan
1774407479.144040,-0.019242,-0.000224,0.003625,-0.019454,0.000000,0.000000,nan,nan,nan
1774407479.244034,-0.019242,-0.000224,0.003625,-0.019454,0.000000,0.000000,nan,nan,nan
1774407479.344095,-0.019242,-0.000224,0.003625,-0.019454,0.000000,0.000000,nan,nan,nan
1774407479.444084,-0.019242,-0.000224,0.003625,-0.019454,0.000000,0.000000,nan,nan,nan
1774407479.544108,-0.019242,-0.000224,0.003625,-0.019454,0.000000,0.000000,nan,nan,nan
1774407479.644085,-0.019242,-0.000224,0.003625,-0.019454,0.000000,0.000000,nan,nan,nan
1774407479.744073,-0.019242,-0.000224,0.003625,-0.019454,0.000000,0.000000,nan,nan,nan
1774407479.844086,-0.019242,-0.000224,0.003625,-0.019454,0.000000,0.000000,nan,nan,nan
1774407479.944068,-0.019242,-0.000224,0.003625,-0.019454,0.000000,0.000000,nan,nan,nan
1774407480.044127,-0.019242,-0.000224,0.003625,-0.019454,0.000000,0.000000,nan,nan,nan
1774407480.144034,-0.019242,-0.000224,0.003625,-0.019454,0.000000,0.000000,nan,nan,nan
1774407480.244067,-0.019242,-0.000224,0.003625,-0.019454,0.000000,0.000000,nan,nan,nan
1774407480.344078,-0.019242,-0.000224,0.003625,-0.019454,0.000000,0.000000,nan,nan,nan
1774407480.444087,-0.019242,-0.000224,0.003625,-0.019454,0.000000,0.000000,nan,nan,nan
1774407480.544033,-0.019242,-0.000224,0.003625,-0.019454,0.000000,0.000000,nan,nan,nan
1774407480.644032,-0.019242,-0.000224,0.003625,-0.019454,0.000000,0.000000,nan,nan,nan
1774407480.744035,-0.019242,-0.000224,0.003625,-0.019454,0.000000,0.000000,nan,nan,nan
1774407480.844029,-0.019242,-0.000224,0.003625,-0.019454,0.000000,0.000000,nan,nan,nan
1774407480.944030,-0.019242,-0.000224,0.003625,-0.019454,0.000000,0.000000,nan,nan,nan
1774407481.044089,-0.019242,-0.000224,0.003625,-0.019454,0.000000,0.000000,nan,nan,nan
1774407481.144030,-0.019242,-0.000224,0.003625,-0.019454,0.000000,0.000000,nan,nan,nan
1774407481.244034,-0.019242,-0.000224,0.003625,-0.019454,0.000000,0.000000,nan,nan,nan
1774407481.344042,-0.019242,-0.000224,0.003625,-0.019454,0.000000,0.000000,nan,nan,nan
1774407481.444028,-0.019242,-0.000224,0.003625,-0.019454,0.000000,0.000000,nan,nan,nan
1774407481.544036,-0.019242,-0.000224,0.003625,-0.019454,0.000000,0.000000,nan,nan,nan
1774407481.644033,-0.019242,-0.000224,0.003625,-0.019454,0.000000,0.000000,nan,nan,nan
1774407481.744035,-0.019242,-0.000224,0.003625,-0.019454,0.000000,0.000000,nan,nan,nan
1774407481.844126,-0.019242,-0.000224,0.003625,-0.019454,0.000000,0.000000,nan,nan,nan
1774407481.944047,-0.019242,-0.000224,0.003625,-0.019454,0.000000,0.000000,nan,nan,nan
1774407482.044103,-0.019242,-0.000224,0.003625,-0.019454,0.000000,0.000000,nan,nan,nan
1774407482.144086,-0.019242,-0.000224,0.003625,-0.019454,0.000000,0.000000,nan,nan,nan
1774407482.244037,-0.019242,-0.000224,0.003625,-0.019454,0.000000,0.000000,nan,nan,nan
1774407482.344034,-0.019242,-0.000224,0.003625,-0.019454,0.000000,0.000000,nan,nan,nan
1774407482.444041,-0.019242,-0.000224,0.003625,-0.019454,0.000000,0.000000,nan,nan,nan
1774407482.544090,-0.019242,-0.000224,0.003625,-0.019454,0.000000,0.000000,nan,nan,nan
1774407482.644043,-0.019242,-0.000224,0.003625,-0.019454,0.000000,0.000000,nan,nan,nan
1774407482.744033,-0.019242,-0.000224,0.003625,-0.019454,0.000000,0.000000,nan,nan,nan
1774407482.844065,-0.019242,-0.000224,0.003625,-0.019454,0.000000,0.000000,nan,nan,nan
1774407482.944042,-0.019242,-0.000224,0.003625,-0.019454,0.000000,0.000000,nan,nan,nan
1774407483.044080,-0.019242,-0.000224,0.003625,-0.019454,0.000000,0.000000,nan,nan,nan
1774407483.144083,-0.019242,-0.000224,0.003625,-0.019454,0.000000,0.000000,nan,nan,nan
1774407483.244043,-0.019242,-0.000224,0.003625,-0.019454,0.000000,0.000000,nan,nan,nan
1774407483.344085,-0.019242,-0.000224,0.003625,-0.019454,0.000000,0.000000,nan,nan,nan
1774407483.444027,-0.019242,-0.000224,0.003625,-0.019454,0.000000,0.000000,nan,nan,nan
1774407483.544070,-0.019242,-0.000224,0.003625,-0.019454,0.000000,0.000000,nan,nan,nan
1774407483.644047,-0.019242,-0.000224,0.003625,-0.019454,0.000000,0.000000,nan,nan,nan
1774407483.744115,-0.019242,-0.000224,0.003625,-0.019454,0.000000,0.000000,nan,nan,nan
1774407483.844094,-0.019242,-0.000224,0.003625,-0.019454,0.000000,0.000000,nan,nan,nan
1774407483.944163,-0.019242,-0.000224,0.003625,-0.019454,0.000000,0.000000,nan,nan,nan
1774407484.044182,-0.019242,-0.000224,0.003625,-0.019454,0.000000,0.000000,nan,nan,nan
1774407484.144073,-0.019242,-0.000224,0.003625,-0.019454,0.000000,0.000000,nan,nan,nan
1774407484.244040,-0.019242,-0.000224,0.003625,-0.019454,0.000000,0.000000,nan,nan,nan
1774407484.344024,-0.019242,-0.000224,0.003625,-0.019454,0.000000,0.000000,nan,nan,nan
1774407484.444028,-0.019242,-0.000224,0.003625,-0.019454,0.000000,0.000000,nan,nan,nan
1774407484.544104,-0.019242,-0.000224,0.003625,-0.019454,0.000000,0.000000,nan,nan,nan
1774407484.644088,-0.019242,-0.000224,0.003625,-0.019454,0.000000,0.000000,nan,nan,nan
1774407484.744018,-0.019242,-0.000224,0.003625,-0.019454,0.000000,0.000000,nan,nan,nan
1774407484.844035,-0.019242,-0.000224,0.003625,-0.019454,0.000000,0.000000,nan,nan,nan
1774407484.944090,-0.019242,-0.000224,0.003625,-0.019454,0.000000,0.000000,nan,nan,nan
1774407485.044176,-0.019242,-0.000224,0.003625,-0.019454,0.000000,0.000000,nan,nan,nan
1774407485.144039,-0.019242,-0.000224,0.003625,-0.019454,0.000000,0.000000,nan,nan,nan
1774407485.244087,-0.019242,-0.000224,0.003625,-0.019454,0.000000,0.000000,nan,nan,nan
1774407485.344089,-0.019242,-0.000224,0.003625,-0.019454,0.000000,0.000000,nan,nan,nan
1774407485.444062,-0.019242,-0.000224,0.003625,-0.019454,0.000000,0.000000,nan,nan,nan
1774407485.544030,-0.019242,-0.000224,0.003625,-0.019454,0.000000,0.000000,nan,nan,nan
1774407485.644075,-0.019242,-0.000224,0.003625,-0.019454,0.000000,0.000000,nan,nan,nan
1774407485.744036,-0.019242,-0.000224,0.003625,-0.019454,0.000000,0.000000,nan,nan,nan
1774407485.844038,-0.019242,-0.000224,0.003625,-0.019454,0.000000,0.000000,nan,nan,nan
1774407485.944055,-0.019242,-0.000224,0.003625,-0.019454,0.000000,0.000000,nan,nan,nan
1774407486.044264,-0.019242,-0.000224,0.003625,-0.019454,0.000000,0.000000,nan,nan,nan
1774407486.144083,-0.019242,-0.000224,0.003625,-0.019454,0.000000,0.000000,nan,nan,nan
1774407486.244084,-0.019242,-0.000224,0.003625,-0.019454,0.000000,0.000000,nan,nan,nan
1774407486.344041,-0.019242,-0.000224,0.003625,-0.019454,0.000000,0.000000,nan,nan,nan
1774407486.444032,-0.019242,-0.000224,0.003625,-0.019454,0.000000,0.000000,nan,nan,nan
1774407486.544036,-0.019242,-0.000224,0.003625,-0.019454,0.000000,0.000000,nan,nan,nan
1774407486.644037,-0.019242,-0.000224,0.003625,-0.019454,0.000000,0.000000,nan,nan,nan
1774407486.744040,-0.019242,-0.000224,0.003625,-0.019454,0.000000,0.000000,nan,nan,nan
1774407486.844067,-0.019242,-0.000224,0.003625,-0.019454,0.000000,0.000000,nan,nan,nan
1774407486.944039,-0.019242,-0.000224,0.003625,-0.019454,0.000000,0.000000,nan,nan,nan
1774407487.044136,-0.019242,-0.000224,0.003625,-0.019454,0.000000,0.000000,nan,nan,nan
1774407487.144087,-0.019242,-0.000224,0.003625,-0.019454,0.000000,0.000000,nan,nan,nan
1774407487.244071,-0.019242,-0.000224,0.003625,-0.019454,0.000000,0.000000,nan,nan,nan
1774407487.344092,-0.019242,-0.000224,0.003625,-0.019454,0.000000,0.000000,nan,nan,nan
1774407487.444033,-0.019242,-0.000224,0.003625,-0.019454,0.000000,0.000000,nan,nan,nan
1774407487.544039,-0.019242,-0.000224,0.003625,-0.019454,0.000000,0.000000,nan,nan,nan
1774407487.644119,-0.019242,-0.000224,0.003625,-0.019454,0.000000,0.000000,nan,nan,nan
1774407487.744071,-0.019242,-0.000224,0.003625,-0.019454,0.000000,0.000000,nan,nan,nan
1774407487.844167,-0.019242,-0.000224,0.003625,-0.019454,0.000000,0.000000,nan,nan,nan
1774407487.944037,-0.019242,-0.000224,0.003625,-0.019454,0.000000,0.000000,nan,nan,nan
1774407488.044169,-0.019242,-0.000224,0.003625,-0.019454,0.000000,0.000000,nan,nan,nan
1774407488.144034,-0.019242,-0.000224,0.003625,-0.019454,0.000000,0.000000,nan,nan,nan
1774407488.244044,-0.019242,-0.000224,0.003625,-0.019454,0.000000,0.000000,nan,nan,nan
1774407488.344036,-0.019242,-0.000224,0.003625,-0.019454,0.000000,0.000000,nan,nan,nan
1774407488.444088,-0.019242,-0.000224,0.003625,-0.019454,0.000000,0.000000,nan,nan,nan
1774407488.544032,-0.019242,-0.000224,0.003625,-0.019454,0.000000,0.000000,nan,nan,nan
1774407488.644032,-0.019242,-0.000224,0.003625,-0.019454,0.000000,0.000000,nan,nan,nan
1774407488.744032,-0.019242,-0.000224,0.003625,-0.019454,0.000000,0.000000,nan,nan,nan
1774407488.844031,-0.019242,-0.000224,0.003625,-0.019454,0.000000,0.000000,nan,nan,nan
1774407488.944044,-0.019242,-0.000224,0.003625,-0.019454,0.000000,0.000000,nan,nan,nan
1774407489.044111,-0.019242,-0.000224,0.003625,-0.019454,0.000000,0.000000,nan,nan,nan
1774407489.144031,-0.019242,-0.000224,0.003625,-0.019454,0.000000,0.000000,nan,nan,nan
1774407489.244028,-0.019242,-0.000224,0.003625,-0.019454,0.000000,0.000000,nan,nan,nan
1774407489.344094,-0.019242,-0.000224,0.003625,-0.019454,0.000000,0.000000,nan,nan,nan
1774407489.444028,-0.019242,-0.000224,0.003625,-0.019454,0.000000,0.000000,nan,nan,nan
1774407489.544036,-0.019242,-0.000224,0.003625,-0.019454,0.000000,0.000000,nan,nan,nan
1774407489.644048,-0.019242,-0.000224,0.003625,-0.019454,0.000000,0.000000,nan,nan,nan
1774407489.744027,-0.019242,-0.000224,0.003625,-0.019454,0.000000,0.000000,nan,nan,nan
1774407489.844033,-0.019242,-0.000224,0.003625,-0.019454,0.000000,0.000000,nan,nan,nan
1774407489.944032,-0.019242,-0.000224,0.003625,-0.019454,0.000000,0.000000,nan,nan,nan
1774407490.044212,-0.019242,-0.000224,0.003625,-0.019454,0.000000,0.000000,nan,nan,nan
1774407490.144170,-0.019242,-0.000224,0.003625,-0.019454,0.000000,0.000000,nan,nan,nan
1774407490.244044,-0.019242,-0.000224,0.003625,-0.019454,0.000000,0.000000,nan,nan,nan
1774407490.344072,-0.019242,-0.000224,0.003625,-0.019454,0.000000,0.000000,nan,nan,nan
1774407490.444124,-0.019242,-0.000224,0.003625,-0.019454,0.000000,0.000000,nan,nan,nan
1774407490.544094,-0.019242,-0.000224,0.003625,-0.019454,0.000000,0.000000,nan,nan,nan
1774407490.644099,-0.019242,-0.000224,0.003625,-0.019454,0.000000,0.000000,nan,nan,nan
1774407490.744051,-0.019242,-0.000224,0.003625,-0.019454,0.000000,0.000000,nan,nan,nan
1774407490.844115,-0.019242,-0.000224,0.003625,-0.019454,0.000000,0.000000,nan,nan,nan
1774407490.944122,-0.019242,-0.000224,0.003625,-0.019454,0.000000,0.000000,nan,nan,nan
1774407491.044210,-0.019242,-0.000224,0.003625,-0.019454,0.000000,0.000000,nan,nan,nan
1774407491.144108,-0.019242,-0.000224,0.003625,-0.019454,0.000000,0.000000,nan,nan,nan
1774407491.244201,-0.019242,-0.000224,0.003625,-0.019454,0.000000,0.000000,nan,nan,nan
1774407491.344074,-0.019242,-0.000224,0.003625,-0.019454,0.000000,0.000000,nan,nan,nan
1774407491.444104,-0.019242,-0.000224,0.003625,-0.019454,0.000000,0.000000,nan,nan,nan
1774407491.544107,-0.019242,-0.000224,0.003625,-0.019454,0.000000,0.000000,nan,nan,nan
1774407491.644064,-0.019242,-0.000224,0.003625,-0.019454,0.000000,0.000000,nan,nan,nan
1774407491.744106,-0.019242,-0.000224,0.003625,-0.019454,0.000000,0.000000,nan,nan,nan
1774407491.844194,-0.019242,-0.000224,0.003625,-0.019454,0.000000,0.000000,nan,nan,nan
1774407491.944078,-0.019242,-0.000224,0.003625,-0.019454,0.000000,0.000000,nan,nan,nan
1774407492.044039,-0.019242,-0.000224,0.003625,-0.019454,0.000000,0.000000,nan,nan,nan
1774407492.144060,-0.019242,-0.000224,0.003625,-0.019454,0.000000,0.000000,nan,nan,nan
1774407492.244033,-0.019242,-0.000224,0.003625,-0.019454,0.000000,0.000000,nan,nan,nan
1774407492.344034,-0.019242,-0.000224,0.003625,-0.019454,0.000000,0.000000,nan,nan,nan
1774407492.444057,-0.019242,-0.000224,0.003625,-0.019454,0.000000,0.000000,nan,nan,nan
1774407492.544034,-0.019242,-0.000224,0.003625,-0.019454,0.000000,0.000000,nan,nan,nan
1774407492.644078,-0.019242,-0.000224,0.003625,-0.019454,0.000000,0.000000,nan,nan,nan
1774407492.744133,-0.019242,-0.000224,0.003625,-0.019454,0.000000,0.000000,nan,nan,nan
1774407492.843950,-0.019242,-0.000224,0.003625,-0.019454,0.000000,0.000000,nan,nan,nan
1774407492.944036,-0.019242,-0.000224,0.003625,-0.019454,0.000000,0.000000,nan,nan,nan
1774407493.044078,-0.019242,-0.000224,0.003625,-0.019454,0.000000,0.000000,nan,nan,nan
1774407493.144043,-0.019242,-0.000224,0.003625,-0.019454,0.000000,0.000000,nan,nan,nan
1774407493.244035,-0.019242,-0.000224,0.003625,-0.019454,0.000000,0.000000,nan,nan,nan
1774407493.344044,-0.019242,-0.000224,0.003625,-0.019454,0.000000,0.000000,nan,nan,nan
1774407493.444079,-0.019242,-0.000224,0.003625,-0.019454,0.000000,0.000000,nan,nan,nan
1774407493.544040,-0.019242,-0.000224,0.003625,-0.019454,0.000000,0.000000,nan,nan,nan
1774407493.644033,-0.019242,-0.000224,0.003625,-0.019454,0.000000,0.000000,nan,nan,nan
1774407493.744032,-0.019242,-0.000224,0.003625,-0.019454,0.000000,0.000000,nan,nan,nan
1774407493.844036,-0.019242,-0.000224,0.003625,-0.019454,0.000000,0.000000,nan,nan,nan
1774407493.944090,-0.019242,-0.000224,0.003625,-0.019454,0.000000,0.000000,nan,nan,nan
1774407494.043960,-0.019242,-0.000224,0.003625,-0.019454,0.000000,0.000000,nan,nan,nan
1774407494.144035,-0.019242,-0.000224,0.003625,-0.019454,0.000000,0.000000,nan,nan,nan
1774407494.244026,-0.019242,-0.000224,0.003625,-0.019454,0.000000,0.000000,nan,nan,nan
1774407494.344079,-0.019242,-0.000224,0.003625,-0.019454,0.000000,0.000000,nan,nan,nan
1774407494.444029,-0.019242,-0.000224,0.003625,-0.019454,0.000000,0.000000,nan,nan,nan
1774407494.544047,-0.019242,-0.000224,0.003625,-0.019454,0.000000,0.000000,nan,nan,nan
1774407494.644038,-0.019242,-0.000224,0.003625,-0.019454,0.000000,0.000000,nan,nan,nan
1774407494.744020,-0.019242,-0.000224,0.003625,-0.019454,0.000000,0.000000,nan,nan,nan
1774407494.844039,-0.019242,-0.000224,0.003625,-0.019454,0.000000,0.000000,nan,nan,nan
1774407494.944041,-0.019242,-0.000224,0.003625,-0.019454,0.000000,0.000000,nan,nan,nan
1774407495.044001,-0.019242,-0.000224,0.003625,-0.019454,0.000000,0.000000,nan,nan,nan
1774407495.144038,-0.019242,-0.000224,0.003625,-0.019454,0.000000,0.000000,nan,nan,nan
1774407495.244030,-0.019242,-0.000224,0.003625,-0.019454,0.000000,0.000000,nan,nan,nan
1774407495.344026,-0.019242,-0.000224,0.003625,-0.019454,0.000000,0.000000,nan,nan,nan
1774407495.444029,-0.019242,-0.000224,0.003625,-0.019454,0.000000,0.000000,nan,nan,nan
1774407495.544022,-0.019242,-0.000224,0.003625,-0.019454,0.000000,0.000000,nan,nan,nan
1774407495.644039,-0.019242,-0.000224,0.003625,-0.019454,0.000000,0.000000,nan,nan,nan
1774407495.744043,-0.019242,-0.000224,0.003625,-0.019454,0.000000,0.000000,nan,nan,nan
1774407495.844042,-0.019242,-0.000224,0.003625,-0.019454,0.000000,0.000000,nan,nan,nan
1774407495.944035,-0.019242,-0.000224,0.003625,-0.019454,0.000000,0.000000,nan,nan,nan
1774407496.043894,-0.019242,-0.000224,0.003625,-0.019454,0.000000,0.000000,nan,nan,nan
1774407496.144070,-0.019242,-0.000224,0.003625,-0.019454,0.000000,0.000000,nan,nan,nan
1774407496.244058,-0.019242,-0.000224,0.003625,-0.019454,0.000000,0.000000,nan,nan,nan
1774407496.344084,-0.019242,-0.000224,0.003625,-0.019454,0.000000,0.000000,nan,nan,nan
1774407496.444037,-0.019242,-0.000224,0.003625,-0.019454,0.000000,0.000000,nan,nan,nan
1774407496.544055,-0.019242,-0.000224,0.003625,-0.019454,0.000000,0.000000,nan,nan,nan
1774407496.644045,-0.019242,-0.000224,0.003625,-0.019454,0.000000,0.000000,nan,nan,nan
1774407496.744066,-0.019242,-0.000224,0.003625,-0.019454,0.000000,0.000000,nan,nan,nan
1774407496.844133,-0.019242,-0.000224,0.003625,-0.019454,0.000000,0.000000,nan,nan,nan
1774407496.944054,-0.019242,-0.000224,0.003625,-0.019454,0.000000,0.000000,nan,nan,nan
1774407497.044091,-0.019242,-0.000224,0.003625,-0.019454,0.000000,0.000000,nan,nan,nan
1774407497.144035,-0.019242,-0.000224,0.003625,-0.019454,0.000000,0.000000,nan,nan,nan
1774407497.244031,-0.019242,-0.000224,0.003625,-0.019454,0.000000,0.000000,nan,nan,nan
1774407497.344033,-0.019242,-0.000224,0.003625,-0.019454,0.000000,0.000000,nan,nan,nan
1774407497.444014,-0.019242,-0.000224,0.003625,-0.019454,0.000000,0.000000,nan,nan,nan
1774407497.544037,-0.019242,-0.000224,0.003625,-0.019454,0.000000,0.000000,nan,nan,nan
1774407497.644587,-0.019242,-0.000224,0.003625,-0.019454,0.000000,0.000000,nan,nan,nan
1774407497.744042,-0.019242,-0.000224,0.003625,-0.019454,0.000000,0.000000,nan,nan,nan
1774407497.844090,-0.019242,-0.000224,0.003625,-0.019454,0.000000,0.000000,nan,nan,nan
1774407497.943912,-0.019242,-0.000224,0.003625,-0.019454,0.000000,0.000000,nan,nan,nan
1774407498.044052,-0.019242,-0.000224,0.003625,-0.019454,0.000000,0.000000,nan,nan,nan
1774407498.144121,-0.019242,-0.000224,0.003625,-0.019454,0.000000,0.000000,nan,nan,nan
1774407498.244068,-0.019242,-0.000224,0.003625,-0.019454,0.000000,0.000000,nan,nan,nan
